target,prediction,size
11,30,23
18,27,22
11,28,20
3,5,15
1,0,12
41,9,12
38,40,12
33,39,11
30,28,11
38,39,11
27,28,10
27,24,10
5,8,9
18,26,9
1,2,7
22,25,7
35,40,6
31,20,6
18,21,6
18,25,5
8,5,5
25,19,5
1,4,5
17,13,5
22,28,4
18,30,4
24,27,4
5,2,4
17,9,4
4,2,4
12,13,4
25,27,3
27,25,3
30,11,3
17,14,3
0,8,3
18,24,3
12,24,3
1,8,3
4,1,3
2,1,2
7,8,2
5,3,2
24,28,2
30,20,2
2,0,2
18,28,2
35,33,2
38,8,2
38,34,2
38,36,2
1,6,2
22,23,2
15,1,2
8,7,2
18,19,2
13,38,2
18,23,2
8,3,1
14,17,1
31,18,1
18,20,1
31,30,1
18,11,1
35,39,1
14,2,1
38,37,1
17,1,1
30,25,1
16,9,1
1,5,1
39,33,1
40,12,1
40,35,1
40,36,1
41,6,1
2,4,1
13,7,1
21,19,1
3,10,1
21,23,1
22,1,1
10,5,1
5,7,1
22,30,1
22,41,1
10,9,1
25,11,1
4,39,1
15,3,1
25,28,1
26,12,1
26,25,1
4,10,1
4,3,1
27,26,1
18,22,1
4,20,1
