target,examples,correct_predictions,mean_confidence,errors,accuracy,error_rate
27,60,36,0.8059690475463868,24,0.6,0.4
41,60,47,0.9346732437610626,13,0.7833333333333333,0.21666666666666667
18,390,332,0.9192427277565003,58,0.8512820512820513,0.14871794871794872
22,120,104,0.9340805083513259,16,0.8666666666666667,0.13333333333333333
30,150,133,0.9217673653364181,17,0.8866666666666667,0.11333333333333333
11,420,377,0.9641459514697392,43,0.8976190476190476,0.10238095238095238
24,90,84,0.9450463371144401,6,0.9333333333333333,0.06666666666666667
33,210,199,0.9762088945933751,11,0.9476190476190476,0.05238095238095238
0,60,57,0.974013285835584,3,0.95,0.05
38,690,660,0.9647050326285155,30,0.9565217391304348,0.043478260869565216
1,720,690,0.9758459352784686,30,0.9583333333333334,0.041666666666666664
17,360,347,0.9634310472342703,13,0.9638888888888889,0.03611111111111111
3,450,434,0.9730053157938852,16,0.9644444444444444,0.035555555555555556
40,90,87,0.9716256307231055,3,0.9666666666666667,0.03333333333333333
31,270,262,0.9734481560963172,8,0.9703703703703703,0.02962962962962963
5,630,614,0.9796070821228482,16,0.9746031746031746,0.025396825396825397
35,390,381,0.9844490422652318,9,0.9769230769230769,0.023076923076923078
21,90,88,0.976830988460117,2,0.9777777777777777,0.022222222222222223
25,480,470,0.9816325796147187,10,0.9791666666666666,0.020833333333333332
8,450,442,0.992261558175087,8,0.9822222222222222,0.017777777777777778
4,660,649,0.9902199519854603,11,0.9833333333333333,0.016666666666666666
15,210,207,0.981339183591661,3,0.9857142857142858,0.014285714285714285
26,180,178,0.9794614000452889,2,0.9888888888888889,0.011111111111111112
39,90,89,0.994492381811142,1,0.9888888888888889,0.011111111111111112
12,690,683,0.9813540450688721,7,0.9898550724637681,0.010144927536231883
14,270,268,0.9919742248676441,2,0.9925925925925926,0.007407407407407408
2,750,745,0.9935670620600382,5,0.9933333333333333,0.006666666666666667
16,150,149,0.9903066011269888,1,0.9933333333333333,0.006666666666666667
7,450,448,0.9974205781353844,2,0.9955555555555555,0.0044444444444444444
13,720,717,0.9950496406190925,3,0.9958333333333333,0.004166666666666667
10,660,658,0.996706065174305,2,0.996969696969697,0.0030303030303030303
6,150,150,0.9939451046784719,0,1.0,0.0
9,480,480,0.9803535067786773,0,1.0,0.0
19,60,60,0.999441608786583,0,1.0,0.0
20,90,90,0.9969374087121752,0,1.0,0.0
23,150,150,0.9982044752438863,0,1.0,0.0
28,150,150,0.9990600291887919,0,1.0,0.0
29,90,90,0.995803838968277,0,1.0,0.0
32,60,60,0.9938227812449137,0,1.0,0.0
34,120,120,0.9953441714247068,0,1.0,0.0
36,120,120,0.9999307041366895,0,1.0,0.0
37,60,60,0.9926934748888016,0,1.0,0.0
42,90,90,0.9699251029226515,0,1.0,0.0
