target,prediction,confidence,correct
30,11,0.9996449947357178,False
7,8,0.9996302127838136,False
2,1,0.9993821382522584,False
2,1,0.9988553524017334,False
41,9,0.9983989596366882,False
1,8,0.9980043768882751,False
30,28,0.9975300431251526,False
11,28,0.9967902302742004,False
41,9,0.9961146116256714,False
8,5,0.9951241612434388,False
30,28,0.9941399097442628,False
30,28,0.9922845363616944,False
18,26,0.9921945333480836,False
3,5,0.9917874932289124,False
5,8,0.9907011985778807,False
41,9,0.9904110431671144,False
11,28,0.987984538078308,False
22,23,0.987691342830658,False
8,5,0.9861282110214232,False
18,26,0.9860864877700806,False
41,9,0.9843632578849792,False
27,28,0.9841797351837158,False
38,40,0.983230710029602,False
27,26,0.9823217391967772,False
40,35,0.979836881160736,False
1,0,0.9780344367027284,False
35,40,0.9759396314620972,False
22,25,0.9759027361869812,False
1,0,0.9754562973976136,False
1,0,0.97471684217453,False
41,9,0.9729483723640442,False
25,28,0.9710938930511476,False
22,25,0.970491349697113,False
5,3,0.9670284390449524,False
1,0,0.966922402381897,False
30,28,0.9643694162368774,False
13,38,0.9632145762443542,False
18,20,0.963022530078888,False
8,5,0.9630197882652284,False
38,40,0.9622289538383484,False
22,25,0.9611603617668152,False
0,8,0.960414171218872,False
41,9,0.9603461027145386,False
18,27,0.9597426056861876,False
38,40,0.958773910999298,False
1,0,0.9587419033050536,False
11,28,0.958050549030304,False
22,25,0.955754578113556,False
33,39,0.955007255077362,False
1,4,0.9540410041809082,False
5,8,0.9528424739837646,False
4,2,0.9518528580665588,False
41,9,0.94876229763031,False
18,26,0.9487314820289612,False
38,39,0.9445606470108032,False
41,9,0.9432123303413392,False
38,40,0.9426697492599488,False
1,0,0.941347062587738,False
18,27,0.9383479952812196,False
11,28,0.936290204524994,False
11,30,0.9277210831642152,False
3,5,0.926836371421814,False
11,28,0.9266340732574464,False
5,8,0.9229872226715088,False
3,5,0.9220866560935974,False
38,36,0.9209763407707214,False
33,39,0.9191254377365112,False
27,28,0.9150041341781616,False
18,27,0.9142042994499208,False
11,28,0.9141860008239746,False
5,8,0.9137136936187744,False
5,8,0.9134636521339417,False
30,28,0.9127941131591796,False
1,0,0.9111730456352234,False
15,1,0.910762369632721,False
18,26,0.910330593585968,False
35,40,0.903458833694458,False
5,8,0.9033002257347108,False
11,28,0.9029653668403624,False
11,30,0.9028669595718384,False
11,30,0.9020898938179016,False
33,39,0.8991423845291138,False
4,10,0.8984436988830566,False
3,5,0.8976997137069702,False
5,8,0.8974428176879883,False
18,26,0.8951917290687561,False
30,28,0.8913316130638123,False
18,27,0.8896409869194031,False
1,4,0.8875131011009216,False
3,5,0.887494683265686,False
33,39,0.8833460807800293,False
22,28,0.8827337026596069,False
30,28,0.8807017803192139,False
30,28,0.8806943893432617,False
38,39,0.8804248571395874,False
2,0,0.8771999478340149,False
8,5,0.8746758103370667,False
1,8,0.8723760843276978,False
18,26,0.8673415184020996,False
2,0,0.8560336828231812,False
17,9,0.8538129329681396,False
38,40,0.8533272743225098,False
33,39,0.8528096079826355,False
33,39,0.850212812423706,False
12,24,0.8498800992965698,False
2,4,0.8467240929603577,False
35,40,0.8432238698005676,False
11,30,0.8420155048370361,False
4,1,0.8405717015266418,False
38,39,0.8372703194618225,False
11,30,0.8360511660575867,False
18,30,0.8326058387756348,False
18,27,0.8312712907791138,False
38,40,0.8307802081108093,False
27,28,0.8301922678947449,False
18,27,0.8294724822044373,False
11,30,0.8238175511360168,False
11,30,0.8230480551719666,False
18,27,0.8181727528572083,False
5,8,0.8175446391105652,False
1,0,0.8141204118728638,False
35,33,0.8136606216430664,False
18,27,0.8085146546363831,False
18,21,0.8080371618270874,False
33,39,0.8056225776672363,False
5,3,0.8047234416007996,False
11,28,0.8030090928077698,False
41,9,0.8011942505836487,False
3,5,0.8005856871604919,False
0,8,0.7969412803649902,False
1,0,0.7967512011528015,False
1,8,0.7951046228408813,False
30,28,0.7946861982345581,False
27,28,0.7937442064285278,False
1,6,0.7936245203018188,False
35,40,0.7933736443519592,False
1,2,0.793322741985321,False
5,2,0.7930226922035217,False
11,30,0.7919085621833801,False
26,25,0.7917635440826416,False
4,1,0.7913057804107666,False
27,28,0.7908471822738647,False
1,4,0.7850664258003235,False
35,40,0.7848138213157654,False
1,2,0.7832430005073547,False
11,28,0.7827316522598267,False
38,39,0.7795079946517944,False
4,2,0.7792559862136841,False
11,30,0.7789990305900574,False
11,28,0.7768533229827881,False
18,27,0.7755624651908875,False
33,39,0.7742655277252197,False
3,5,0.7710105180740356,False
31,18,0.7699479460716248,False
41,6,0.7682251334190369,False
11,28,0.7661556601524353,False
3,5,0.7613824009895325,False
5,2,0.7606790661811829,False
22,28,0.7481494545936584,False
11,30,0.7480413913726807,False
18,27,0.7474216818809509,False
11,30,0.7473220825195312,False
35,40,0.7426313757896423,False
38,40,0.7416432499885559,False
22,28,0.7406808137893677,False
18,26,0.736984372138977,False
21,19,0.7325963973999023,False
38,39,0.7319502830505371,False
38,39,0.7298759818077087,False
41,9,0.7257994413375854,False
11,30,0.7242056131362915,False
33,39,0.7223396301269531,False
11,28,0.722034752368927,False
27,28,0.7195865511894226,False
38,34,0.7193809747695923,False
30,28,0.7177905440330505,False
11,28,0.7171574234962463,False
18,24,0.7166885733604431,False
3,5,0.7164153456687927,False
30,11,0.709492027759552,False
25,19,0.7047178745269775,False
24,27,0.7034936547279358,False
33,39,0.7021379470825195,False
14,2,0.6998690366744995,False
24,28,0.6992748379707336,False
12,24,0.6935567855834961,False
18,21,0.6888563632965088,False
18,27,0.6870154142379761,False
35,39,0.6869173049926758,False
22,25,0.6864935755729675,False
5,7,0.6849157810211182,False
8,3,0.6837347745895386,False
18,25,0.6833142638206482,False
5,8,0.6822056770324707,False
18,27,0.6807329058647156,False
27,28,0.67706698179245,False
18,27,0.673839807510376,False
25,19,0.6736592054367065,False
3,5,0.6731218695640564,False
8,7,0.667958676815033,False
17,13,0.66792231798172,False
1,5,0.6660515069961548,False
11,30,0.6632861495018005,False
11,30,0.661858081817627,False
39,33,0.6576607823371887,False
30,11,0.6561839580535889,False
22,25,0.6559089422225952,False
18,27,0.6528514623641968,False
4,2,0.6502938270568848,False
18,26,0.649127185344696,False
3,5,0.6476055383682251,False
24,27,0.6445344686508179,False
1,2,0.6416964530944824,False
38,40,0.6383705735206604,False
18,25,0.6374396085739136,False
31,20,0.6364511847496033,False
8,7,0.6360738277435303,False
15,3,0.6312338709831238,False
31,20,0.6280207633972168,False
1,4,0.6278339624404907,False
1,0,0.6269840002059937,False
41,9,0.6268414258956909,False
18,27,0.6238469481468201,False
17,9,0.6203039288520813,False
0,8,0.6185043454170227,False
11,28,0.6160987615585327,False
18,22,0.6152976751327515,False
18,27,0.6151823997497559,False
18,24,0.6134427189826965,False
30,25,0.6126075387001038,False
12,24,0.6118754148483276,False
7,8,0.6117365956306458,False
30,28,0.6104857921600342,False
27,24,0.6088125705718994,False
22,28,0.6066285967826843,False
18,19,0.6064949631690979,False
10,9,0.6049282550811768,False
18,30,0.6027103066444397,False
11,28,0.6010468006134033,False
1,0,0.5995191931724548,False
27,25,0.5921556949615479,False
25,27,0.5918024778366089,False
14,17,0.5910577774047852,False
27,24,0.5886185765266418,False
27,24,0.5857190489768982,False
18,23,0.5829629898071289,False
10,5,0.5807225704193115,False
11,30,0.5801274180412292,False
1,4,0.579829752445221,False
41,9,0.5771515369415283,False
11,28,0.5735504627227783,False
18,28,0.5723735690116882,False
13,38,0.571633517742157,False
38,39,0.5704889297485352,False
1,2,0.5689708590507507,False
25,27,0.5664944648742676,False
21,23,0.5652240514755249,False
11,28,0.5649198889732361,False
1,2,0.5639654397964478,False
31,20,0.5621271729469299,False
11,30,0.5614103674888611,False
27,28,0.5609477758407593,False
11,30,0.5607688426971436,False
38,39,0.560672402381897,False
31,20,0.5591439604759216,False
11,28,0.5574003458023071,False
38,39,0.5573979020118713,False
27,25,0.5547471642494202,False
30,20,0.5513350367546082,False
3,10,0.5477741956710815,False
11,28,0.5444434285163879,False
38,39,0.5414934158325195,False
38,8,0.5401016473770142,False
17,14,0.5378286242485046,False
38,40,0.5362058877944946,False
16,9,0.5352470278739929,False
11,30,0.5333059430122375,False
5,2,0.532182514667511,False
18,27,0.5318920612335205,False
25,19,0.5259188413619995,False
27,24,0.5233341455459595,False
38,34,0.5230804085731506,False
18,21,0.5229403972625732,False
22,1,0.5228949189186096,False
33,39,0.5213863253593445,False
24,27,0.5210668444633484,False
38,40,0.5186648964881897,False
38,40,0.5116479992866516,False
4,2,0.5109078884124756,False
27,24,0.510854959487915,False
3,5,0.5098618865013123,False
27,25,0.5079638957977295,False
11,28,0.5073094367980957,False
24,28,0.5062485337257385,False
25,11,0.5042232275009155,False
17,9,0.496116578578949,False
11,30,0.4945668280124664,False
38,8,0.4940844476222992,False
11,30,0.493158608675003,False
18,27,0.4910740852355957,False
27,28,0.4909746348857879,False
35,33,0.4901291131973266,False
38,40,0.4884708821773529,False
8,5,0.4864764511585235,False
11,30,0.4845814704895019,False
18,21,0.4816654920578003,False
5,2,0.4806663691997528,False
17,13,0.4801954925060272,False
24,27,0.4790149331092834,False
18,30,0.47731614112854,False
1,2,0.473126083612442,False
15,1,0.4723489880561828,False
17,13,0.4713683128356933,False
1,2,0.470548003911972,False
18,25,0.4688921570777893,False
18,21,0.4682131111621856,False
27,24,0.4652251601219177,False
27,24,0.4622273743152618,False
38,37,0.4554793238639831,False
3,5,0.4534180164337158,False
27,24,0.4511494636535644,False
18,21,0.4492945075035095,False
27,24,0.4483479559421539,False
18,27,0.4425580501556396,False
4,3,0.4424824118614197,False
25,27,0.4404159188270569,False
17,14,0.4391803443431854,False
1,6,0.4311553239822387,False
22,23,0.4284212589263916,False
18,27,0.4281027913093567,False
1,0,0.4228902757167816,False
18,27,0.4213790595531463,False
12,13,0.4169460833072662,False
11,30,0.4128481149673462,False
11,30,0.4124810695648193,False
18,27,0.4048284888267517,False
31,20,0.3974929749965668,False
3,5,0.393248438835144,False
18,25,0.3873376250267029,False
40,12,0.3851895928382873,False
4,1,0.381816029548645,False
25,19,0.379949152469635,False
27,28,0.3790976703166961,False
25,19,0.3784160315990448,False
17,13,0.3774045407772064,False
17,14,0.3769118785858154,False
22,41,0.3769081532955169,False
17,13,0.3763683438301086,False
13,7,0.3741472661495209,False
18,23,0.372776985168457,False
18,11,0.372620552778244,False
18,25,0.3725432157516479,False
22,25,0.3722779154777527,False
18,24,0.3711399137973785,False
22,30,0.3681457340717315,False
17,9,0.3643092513084411,False
12,13,0.3606986999511719,False
38,39,0.3597472012042999,False
31,30,0.3522960245609283,False
30,20,0.3515536487102508,False
18,26,0.3436501324176788,False
38,36,0.3401460647583008,False
27,24,0.337523490190506,False
18,19,0.333938330411911,False
26,12,0.3333884477615356,False
17,1,0.3316562473773956,False
18,28,0.3231744170188904,False
12,13,0.319972962141037,False
4,39,0.2838539779186249,False
40,36,0.2778461575508117,False
31,20,0.2762184143066406,False
12,13,0.2437855154275894,False
4,20,0.2095687389373779,False
3,5,0.2065478265285492,False
18,30,0.1992988586425781,False
