,precision,recall,f1-score,support
0,1.0,0.6666666666666666,0.8,60.0
1,0.9309878213802436,0.9555555555555556,0.9431117203564084,720.0
2,0.863689776733255,0.98,0.9181761399125546,750.0
3,0.9689119170984456,0.8311111111111111,0.8947368421052632,450.0
4,0.9769230769230769,0.9621212121212122,0.9694656488549618,660.0
5,0.8195266272189349,0.8793650793650793,0.8483920367534457,630.0
6,1.0,0.9066666666666666,0.951048951048951,150.0
7,0.9113082039911308,0.9133333333333333,0.9123196448390677,450.0
8,0.9341772151898734,0.82,0.8733727810650888,450.0
9,0.9873417721518988,0.975,0.9811320754716981,480.0
10,0.9924471299093656,0.9954545454545455,0.9939485627836612,660.0
11,0.8326693227091634,0.9952380952380953,0.9067245119305857,420.0
12,0.9969325153374233,0.9420289855072463,0.9687034277198212,690.0
13,0.9715832205683356,0.9972222222222222,0.9842357779300891,720.0
14,0.992619926199262,0.9962962962962963,0.9944547134935305,270.0
15,0.9022222222222223,0.9666666666666667,0.9333333333333333,210.0
16,0.98,0.98,0.98,150.0
17,0.9943502824858758,0.9777777777777777,0.9859943977591037,360.0
18,0.9904153354632588,0.7948717948717948,0.8819345661450925,390.0
19,0.6547619047619048,0.9166666666666666,0.7638888888888888,60.0
20,0.9213483146067416,0.9111111111111111,0.9162011173184358,90.0
21,0.8181818181818182,1.0,0.9,90.0
22,0.9375,0.875,0.9051724137931034,120.0
23,0.7777777777777778,0.6533333333333333,0.7101449275362319,150.0
24,1.0,1.0,1.0,90.0
25,0.967391304347826,0.9270833333333334,0.9468085106382979,480.0
26,0.9247311827956989,0.9555555555555556,0.9398907103825137,180.0
27,0.7954545454545454,0.5833333333333334,0.6730769230769231,60.0
28,0.9571428571428572,0.8933333333333333,0.9241379310344827,150.0
29,0.6774193548387096,0.9333333333333333,0.7850467289719626,90.0
30,0.6528925619834711,0.5266666666666666,0.5830258302583026,150.0
31,0.9100346020761245,0.9740740740740741,0.9409660107334525,270.0
32,0.9508196721311475,0.9666666666666667,0.9586776859504132,60.0
33,0.8366533864541833,1.0,0.911062906724512,210.0
34,0.9914529914529915,0.9666666666666667,0.9789029535864979,120.0
35,0.9819121447028424,0.9743589743589743,0.9781209781209781,390.0
36,0.9230769230769231,1.0,0.96,120.0
37,0.9833333333333333,0.9833333333333333,0.9833333333333333,60.0
38,0.998546511627907,0.9956521739130435,0.9970972423802612,690.0
39,1.0,0.6777777777777778,0.8079470198675497,90.0
40,1.0,0.9222222222222223,0.9595375722543352,90.0
41,0.72,0.9,0.8,60.0
42,0.9868421052631579,0.8333333333333334,0.9036144578313253,90.0
accuracy,0.9318289786223278,0.9318289786223278,0.9318289786223278,0.9318289786223278
macro avg,0.9165902245951564,0.9047646022759774,0.905761378469406,12630.0
weighted avg,0.9356755288122983,0.9318289786223278,0.9312536322832361,12630.0
