epoch,training_loss,training_accuracy,validation_loss,validation_accuracy
1,1.9499100911450922,0.40801095212859917,0.9761381243561601,0.683933933933934
2,0.9460850383384218,0.68993993993994,0.4015206116754133,0.8781281281281281
3,0.5819543251309415,0.8086910439851617,0.22542750923423557,0.9384384384384384
4,0.4348881884085334,0.8583289171524465,0.13841907683017854,0.9607107107107107
5,0.3346710605653767,0.8887564034622858,0.13133305285845673,0.9604604604604604
6,0.2793572647603993,0.9080551139374669,0.08009886841575901,0.9764764764764765
7,0.24804097109728748,0.9181240063593005,0.06488492830588415,0.9804804804804805
8,0.21170836861342893,0.9307984455043279,0.05385205768667781,0.983983983983984
9,0.18783917339251163,0.9385267620561738,0.03203824123328512,0.9904904904904905
10,0.16710702268674252,0.9467850203144321,0.03351940803446092,0.991991991991992
11,0.15967955761022354,0.9456809750927399,0.0243065026402287,0.9947447447447447
12,0.13407393863940908,0.9539833951598657,0.02008570198182229,0.9947447447447447
13,0.1332334377145669,0.9577813107224872,0.021390848353997367,0.9934934934934935
14,0.12169385312239919,0.9589295177530471,0.01911192506671071,0.9954954954954955
15,0.10524186010133081,0.9643614202437731,0.0184945847414475,0.9947447447447447
